id	diaMes	diaSemana	mesNombre	mesNumero	anio
1	5	Viernes	Agosto	8	2007
2	6	Sábado	Agosto	8	2007
3	7	Domingo	Agosto	8	2007
4	1	Lunes	Agosto	8	2007
5	2	Martes	Agosto	8	2007
6	3	Miercoles	Agosto	8	2007
7	4	Jueves	Agosto	8	2007
8	5	Viernes	Agosto	8	2007
9	6	Sábado	Agosto	8	2007
10	7	Domingo	Agosto	8	2007
11	1	Lunes	Agosto	8	2007
12	2	Martes	Agosto	8	2007
13	3	Miercoles	Agosto	8	2007
14	4	Jueves	Agosto	8	2007
15	5	Viernes	Agosto	8	2007
16	6	Sábado	Agosto	8	2007
17	7	Domingo	Septiembre	9	2007
18	1	Lunes	Septiembre	9	2007
19	2	Martes	Septiembre	9	2007
20	3	Miercoles	Septiembre	9	2007
21	4	Jueves	Septiembre	9	2007
22	5	Viernes	Septiembre	9	2007
23	6	Sábado	Septiembre	9	2007
24	7	Domingo	Septiembre	9	2007
25	1	Lunes	Septiembre	9	2007
26	2	Martes	Septiembre	9	2007
27	3	Miercoles	Septiembre	9	2007
28	4	Jueves	Septiembre	9	2007
29	5	Viernes	Septiembre	9	2007
30	6	Sábado	Septiembre	9	2007
31	7	Domingo	Septiembre	9	2007
32	1	Lunes	Septiembre	9	2007
33	2	Martes	Septiembre	9	2007
34	3	Miercoles	Septiembre	9	2007
35	4	Jueves	Septiembre	9	2007
36	5	Viernes	Septiembre	9	2007
37	6	Sábado	Septiembre	9	2007
38	7	Domingo	Septiembre	9	2007
39	1	Lunes	Septiembre	9	2007
40	2	Martes	Septiembre	9	2007
41	3	Miercoles	Septiembre	9	2007
42	4	Jueves	Septiembre	9	2007
43	5	Viernes	Septiembre	9	2007
44	6	Sábado	Septiembre	9	2007
45	7	Domingo	Septiembre	9	2007
46	1	Lunes	Septiembre	9	2007
47	2	Martes	Octubre	10	2007
48	3	Miercoles	Octubre	10	2007
49	4	Jueves	Octubre	10	2007
50	5	Viernes	Octubre	10	2007
51	6	Sábado	Octubre	10	2007
52	7	Domingo	Octubre	10	2007
53	1	Lunes	Octubre	10	2007
54	2	Martes	Octubre	10	2007
55	3	Miercoles	Octubre	10	2007
56	4	Jueves	Octubre	10	2007
57	5	Viernes	Octubre	10	2007
58	6	Sábado	Octubre	10	2007
59	7	Domingo	Octubre	10	2007
60	1	Lunes	Octubre	10	2007
61	2	Martes	Octubre	10	2007
62	3	Miercoles	Octubre	10	2007
63	4	Jueves	Octubre	10	2007
64	5	Viernes	Octubre	10	2007
65	6	Sábado	Octubre	10	2007
66	7	Domingo	Octubre	10	2007
67	1	Lunes	Octubre	10	2007
68	2	Martes	Octubre	10	2007
69	3	Miercoles	Octubre	10	2007
70	4	Jueves	Octubre	10	2007
71	5	Viernes	Octubre	10	2007
72	6	Sábado	Octubre	10	2007
73	7	Domingo	Octubre	10	2007
74	1	Lunes	Octubre	10	2007
75	2	Martes	Octubre	10	2007
76	3	Miercoles	Octubre	10	2007
77	4	Jueves	Octubre	10	2007
78	5	Viernes	Noviembre	11	2007
79	6	Sábado	Noviembre	11	2007
80	7	Domingo	Noviembre	11	2007
81	1	Lunes	Noviembre	11	2007
82	2	Martes	Noviembre	11	2007
83	3	Miercoles	Noviembre	11	2007
84	4	Jueves	Noviembre	11	2007
85	5	Viernes	Noviembre	11	2007
86	6	Sábado	Noviembre	11	2007
87	7	Domingo	Noviembre	11	2007
88	1	Lunes	Noviembre	11	2007
89	2	Martes	Noviembre	11	2007
90	3	Miercoles	Noviembre	11	2007
91	4	Jueves	Noviembre	11	2007
92	5	Viernes	Noviembre	11	2007
93	6	Sábado	Noviembre	11	2007
94	7	Domingo	Noviembre	11	2007
95	1	Lunes	Noviembre	11	2007
96	2	Martes	Noviembre	11	2007
97	3	Miercoles	Noviembre	11	2007
98	4	Jueves	Noviembre	11	2007
99	5	Viernes	Noviembre	11	2007
100	6	Sábado	Noviembre	11	2007
101	7	Domingo	Noviembre	11	2007
102	1	Lunes	Noviembre	11	2007
103	2	Martes	Noviembre	11	2007
104	3	Miercoles	Noviembre	11	2007
105	4	Jueves	Noviembre	11	2007
106	5	Viernes	Noviembre	11	2007
107	6	Sábado	Noviembre	11	2007
108	7	Domingo	Diciembre	12	2007
109	1	Lunes	Diciembre	12	2007
110	2	Martes	Diciembre	12	2007
111	3	Miercoles	Diciembre	12	2007
112	4	Jueves	Diciembre	12	2007
113	5	Viernes	Diciembre	12	2007
114	6	Sábado	Diciembre	12	2007
115	7	Domingo	Diciembre	12	2007
116	1	Lunes	Diciembre	12	2007
117	2	Martes	Diciembre	12	2007
118	3	Miercoles	Diciembre	12	2007
119	4	Jueves	Diciembre	12	2007
120	5	Viernes	Diciembre	12	2007
121	6	Sábado	Diciembre	12	2007
122	7	Domingo	Diciembre	12	2007
123	1	Lunes	Diciembre	12	2007
124	2	Martes	Diciembre	12	2007
125	3	Miercoles	Diciembre	12	2007
126	4	Jueves	Diciembre	12	2007
127	5	Viernes	Diciembre	12	2007
128	6	Sábado	Diciembre	12	2007
129	7	Domingo	Diciembre	12	2007
130	1	Lunes	Diciembre	12	2007
131	2	Martes	Diciembre	12	2007
132	3	Miercoles	Diciembre	12	2007
133	4	Jueves	Diciembre	12	2007
134	5	Viernes	Diciembre	12	2007
135	6	Sábado	Diciembre	12	2007
136	7	Domingo	Diciembre	12	2007
137	1	Lunes	Diciembre	12	2007
138	2	Martes	Diciembre	12	2007
139	3	Miercoles	Enero	1	2008
140	4	Jueves	Enero	1	2008
141	5	Viernes	Enero	1	2008
142	6	Sábado	Enero	1	2008
143	7	Domingo	Enero	1	2008
144	1	Lunes	Enero	1	2008
145	2	Martes	Enero	1	2008
146	3	Miercoles	Enero	1	2008
147	4	Jueves	Enero	1	2008
148	5	Viernes	Enero	1	2008
149	6	Sábado	Enero	1	2008
150	7	Domingo	Enero	1	2008
151	1	Lunes	Enero	1	2008
152	2	Martes	Enero	1	2008
153	3	Miercoles	Enero	1	2008
154	4	Jueves	Enero	1	2008
155	5	Viernes	Enero	1	2008
156	6	Sábado	Enero	1	2008
157	7	Domingo	Enero	1	2008
158	1	Lunes	Enero	1	2008
159	2	Martes	Enero	1	2008
160	3	Miercoles	Enero	1	2008
161	4	Jueves	Enero	1	2008
162	5	Viernes	Enero	1	2008
163	6	Sábado	Enero	1	2008
164	7	Domingo	Enero	1	2008
165	1	Lunes	Enero	1	2008
166	2	Martes	Enero	1	2008
167	3	Miercoles	Enero	1	2008
168	4	Jueves	Enero	1	2008
169	5	Viernes	Enero	1	2008
170	6	Sábado	Febrero	2	2008
171	7	Domingo	Febrero	2	2008
172	1	Lunes	Febrero	2	2008
173	2	Martes	Febrero	2	2008
174	3	Miercoles	Febrero	2	2008
175	4	Jueves	Febrero	2	2008
176	5	Viernes	Febrero	2	2008
177	6	Sábado	Febrero	2	2008
178	7	Domingo	Febrero	2	2008
179	1	Lunes	Febrero	2	2008
180	2	Martes	Febrero	2	2008
181	3	Miercoles	Febrero	2	2008
182	4	Jueves	Febrero	2	2008
183	5	Viernes	Febrero	2	2008
184	6	Sábado	Febrero	2	2008
185	7	Domingo	Febrero	2	2008
186	1	Lunes	Febrero	2	2008
187	2	Martes	Febrero	2	2008
188	3	Miercoles	Febrero	2	2008
189	4	Jueves	Febrero	2	2008
190	5	Viernes	Febrero	2	2008
191	6	Sábado	Febrero	2	2008
192	7	Domingo	Febrero	2	2008
193	1	Lunes	Febrero	2	2008
194	2	Martes	Febrero	2	2008
195	3	Miercoles	Febrero	2	2008
196	4	Jueves	Febrero	2	2008
197	5	Viernes	Febrero	2	2008
198	6	Sábado	Febrero	2	2008
199	7	Domingo	Marzo	3	2008
200	1	Lunes	Marzo	3	2008
201	2	Martes	Marzo	3	2008
202	3	Miercoles	Marzo	3	2008
203	4	Jueves	Marzo	3	2008
204	5	Viernes	Marzo	3	2008
205	6	Sábado	Marzo	3	2008
206	7	Domingo	Marzo	3	2008
207	1	Lunes	Marzo	3	2008
208	2	Martes	Marzo	3	2008
209	3	Miercoles	Marzo	3	2008
210	4	Jueves	Marzo	3	2008
211	5	Viernes	Marzo	3	2008
212	6	Sábado	Marzo	3	2008
213	7	Domingo	Marzo	3	2008
214	1	Lunes	Marzo	3	2008
215	2	Martes	Marzo	3	2008
216	3	Miercoles	Marzo	3	2008
217	4	Jueves	Marzo	3	2008
218	5	Viernes	Marzo	3	2008
219	6	Sábado	Marzo	3	2008
220	7	Domingo	Marzo	3	2008
221	1	Lunes	Marzo	3	2008
222	2	Martes	Marzo	3	2008
223	3	Miercoles	Marzo	3	2008
224	4	Jueves	Marzo	3	2008
225	5	Viernes	Marzo	3	2008
226	6	Sábado	Marzo	3	2008
227	7	Domingo	Marzo	3	2008
228	1	Lunes	Marzo	3	2008
229	2	Martes	Marzo	3	2008
230	3	Miercoles	Abril	4	2008
231	4	Jueves	Abril	4	2008
232	5	Viernes	Abril	4	2008
233	6	Sábado	Abril	4	2008
234	7	Domingo	Abril	4	2008
235	1	Lunes	Abril	4	2008
236	2	Martes	Abril	4	2008
237	3	Miercoles	Abril	4	2008
238	4	Jueves	Abril	4	2008
239	5	Viernes	Abril	4	2008
240	6	Sábado	Abril	4	2008
241	7	Domingo	Abril	4	2008
242	1	Lunes	Abril	4	2008
243	2	Martes	Abril	4	2008
244	3	Miercoles	Abril	4	2008
245	4	Jueves	Abril	4	2008
246	5	Viernes	Abril	4	2008
247	6	Sábado	Abril	4	2008
248	7	Domingo	Abril	4	2008
249	1	Lunes	Abril	4	2008
250	2	Martes	Abril	4	2008
251	3	Miercoles	Abril	4	2008
252	4	Jueves	Abril	4	2008
253	5	Viernes	Abril	4	2008
254	6	Sábado	Abril	4	2008
255	7	Domingo	Abril	4	2008
256	1	Lunes	Abril	4	2008
257	2	Martes	Abril	4	2008
258	3	Miercoles	Abril	4	2008
259	4	Jueves	Abril	4	2008
260	5	Viernes	Mayo	5	2008
261	6	Sábado	Mayo	5	2008
262	7	Domingo	Mayo	5	2008
263	1	Lunes	Mayo	5	2008
264	2	Martes	Mayo	5	2008
265	3	Miercoles	Mayo	5	2008
266	4	Jueves	Mayo	5	2008
267	5	Viernes	Mayo	5	2008
268	6	Sábado	Mayo	5	2008
269	7	Domingo	Mayo	5	2008
270	1	Lunes	Mayo	5	2008
271	2	Martes	Mayo	5	2008
272	3	Miercoles	Mayo	5	2008
273	4	Jueves	Mayo	5	2008
274	5	Viernes	Mayo	5	2008
275	6	Sábado	Mayo	5	2008
276	7	Domingo	Mayo	5	2008
277	1	Lunes	Mayo	5	2008
278	2	Martes	Mayo	5	2008
279	3	Miercoles	Mayo	5	2008
280	4	Jueves	Mayo	5	2008
281	5	Viernes	Mayo	5	2008
282	6	Sábado	Mayo	5	2008
283	7	Domingo	Mayo	5	2008
284	1	Lunes	Mayo	5	2008
285	2	Martes	Mayo	5	2008
286	3	Miercoles	Mayo	5	2008
287	4	Jueves	Mayo	5	2008
288	5	Viernes	Mayo	5	2008
289	6	Sábado	Mayo	5	2008
290	7	Domingo	Mayo	5	2008
291	1	Lunes	Junio	6	2008
292	2	Martes	Junio	6	2008
293	3	Miercoles	Junio	6	2008
294	4	Jueves	Junio	6	2008
295	5	Viernes	Junio	6	2008
296	6	Sábado	Junio	6	2008
297	7	Domingo	Junio	6	2008
298	1	Lunes	Junio	6	2008
299	2	Martes	Junio	6	2008
300	3	Miercoles	Junio	6	2008
301	4	Jueves	Junio	6	2008
302	5	Viernes	Junio	6	2008
303	6	Sábado	Junio	6	2008
304	7	Domingo	Junio	6	2008
305	1	Lunes	Junio	6	2008
306	2	Martes	Junio	6	2008
307	3	Miercoles	Junio	6	2008
308	4	Jueves	Junio	6	2008
309	5	Viernes	Junio	6	2008
310	6	Sábado	Junio	6	2008
311	7	Domingo	Junio	6	2008
312	1	Lunes	Junio	6	2008
313	2	Martes	Junio	6	2008
314	3	Miercoles	Junio	6	2008
315	4	Jueves	Junio	6	2008
316	5	Viernes	Junio	6	2008
317	6	Sábado	Junio	6	2008
318	7	Domingo	Junio	6	2008
319	1	Lunes	Junio	6	2008
320	2	Martes	Junio	6	2008
321	3	Miercoles	Julio	7	2008
322	4	Jueves	Julio	7	2008
323	5	Viernes	Julio	7	2008
324	6	Sábado	Julio	7	2008
325	7	Domingo	Julio	7	2008
326	1	Lunes	Julio	7	2008
327	2	Martes	Julio	7	2008
328	3	Miercoles	Julio	7	2008
329	4	Jueves	Julio	7	2008
330	5	Viernes	Julio	7	2008
331	6	Sábado	Julio	7	2008
332	7	Domingo	Julio	7	2008
333	1	Lunes	Julio	7	2008
334	2	Martes	Julio	7	2008
335	3	Miercoles	Julio	7	2008
336	4	Jueves	Julio	7	2008
337	5	Viernes	Julio	7	2008
338	6	Sábado	Julio	7	2008
339	7	Domingo	Julio	7	2008
340	1	Lunes	Julio	7	2008
341	2	Martes	Julio	7	2008
342	3	Miercoles	Julio	7	2008
343	4	Jueves	Julio	7	2008
344	5	Viernes	Julio	7	2008
345	6	Sábado	Julio	7	2008
346	7	Domingo	Julio	7	2008
347	1	Lunes	Julio	7	2008
348	2	Martes	Julio	7	2008
349	3	Miercoles	Julio	7	2008
350	4	Jueves	Julio	7	2008
351	5	Viernes	Julio	7	2008
352	6	Sábado	Agosto	8	2008
353	7	Domingo	Agosto	8	2008
354	1	Lunes	Agosto	8	2008
355	2	Martes	Agosto	8	2008
356	3	Miercoles	Agosto	8	2008
357	4	Jueves	Agosto	8	2008
358	5	Viernes	Agosto	8	2008
359	6	Sábado	Agosto	8	2008
360	7	Domingo	Agosto	8	2008
361	1	Lunes	Agosto	8	2008
362	2	Martes	Agosto	8	2008
363	3	Miercoles	Agosto	8	2008
364	4	Jueves	Agosto	8	2008
365	5	Viernes	Agosto	8	2008
366	6	Sábado	Agosto	8	2008
367	7	Domingo	Agosto	8	2008
368	1	Lunes	Agosto	8	2008
369	2	Martes	Agosto	8	2008
370	3	Miercoles	Agosto	8	2008
371	4	Jueves	Agosto	8	2008
372	5	Viernes	Agosto	8	2008
373	6	Sábado	Agosto	8	2008
374	7	Domingo	Agosto	8	2008
375	1	Lunes	Agosto	8	2008
376	2	Martes	Agosto	8	2008
377	3	Miercoles	Agosto	8	2008
378	4	Jueves	Agosto	8	2008
379	5	Viernes	Agosto	8	2008
380	6	Sábado	Agosto	8	2008
381	7	Domingo	Agosto	8	2008
382	1	Lunes	Agosto	8	2008
383	2	Martes	Septiembre	9	2008
384	3	Miercoles	Septiembre	9	2008
385	4	Jueves	Septiembre	9	2008
386	5	Viernes	Septiembre	9	2008
387	6	Sábado	Septiembre	9	2008
388	7	Domingo	Septiembre	9	2008
389	1	Lunes	Septiembre	9	2008
390	2	Martes	Septiembre	9	2008
391	3	Miercoles	Septiembre	9	2008
392	4	Jueves	Septiembre	9	2008
393	5	Viernes	Septiembre	9	2008
394	6	Sábado	Septiembre	9	2008
395	7	Domingo	Septiembre	9	2008
396	1	Lunes	Septiembre	9	2008
397	2	Martes	Septiembre	9	2008
398	3	Miercoles	Septiembre	9	2008
399	4	Jueves	Septiembre	9	2008
400	5	Viernes	Septiembre	9	2008
401	6	Sábado	Septiembre	9	2008
402	7	Domingo	Septiembre	9	2008
403	1	Lunes	Septiembre	9	2008
404	2	Martes	Septiembre	9	2008
405	3	Miercoles	Septiembre	9	2008
406	4	Jueves	Septiembre	9	2008
407	5	Viernes	Septiembre	9	2008
408	6	Sábado	Septiembre	9	2008
409	7	Domingo	Septiembre	9	2008
410	1	Lunes	Septiembre	9	2008
411	2	Martes	Septiembre	9	2008
412	3	Miercoles	Septiembre	9	2008
413	4	Jueves	Octubre	10	2008
414	5	Viernes	Octubre	10	2008
415	6	Sábado	Octubre	10	2008
416	7	Domingo	Octubre	10	2008
417	1	Lunes	Octubre	10	2008
418	2	Martes	Octubre	10	2008
419	3	Miercoles	Octubre	10	2008
420	4	Jueves	Octubre	10	2008
421	5	Viernes	Octubre	10	2008
422	6	Sábado	Octubre	10	2008
423	7	Domingo	Octubre	10	2008
424	1	Lunes	Octubre	10	2008
425	2	Martes	Octubre	10	2008
426	3	Miercoles	Octubre	10	2008
427	4	Jueves	Octubre	10	2008
428	5	Viernes	Octubre	10	2008
429	6	Sábado	Octubre	10	2008
430	7	Domingo	Octubre	10	2008
431	1	Lunes	Octubre	10	2008
432	2	Martes	Octubre	10	2008
433	3	Miercoles	Octubre	10	2008
434	4	Jueves	Octubre	10	2008
435	5	Viernes	Octubre	10	2008
436	6	Sábado	Octubre	10	2008
437	7	Domingo	Octubre	10	2008
438	1	Lunes	Octubre	10	2008
439	2	Martes	Octubre	10	2008
440	3	Miercoles	Octubre	10	2008
441	4	Jueves	Octubre	10	2008
442	5	Viernes	Octubre	10	2008
443	6	Sábado	Octubre	10	2008
